APK Name,SHA Key,Timestamp,Malware Label,Frequency of System Calls,Count of DNS requests,Count of outbound connections,Domains/IPs contacted,Data volume sent,Data volume received,Number of files created,Number of files read,Number of files deleted,Process spawning,Loaded DLLs,Intents sent,Intents received,Checks for root privileges,Camera access frequency,Microphone access frequency,GPS query frequency,Frequency of cryptographic API calls,Autostart entries created,CPU usage patterns,Memory usage patterns
apk_0,sha256_0,1695030242.1022596,1,1012,3,47,5,2006,1828,2,3,5,8,2,18,13,0,0,1,13,29,4,60.201872904998034,56.1245062938613
apk_1,sha256_1,1694949929.1022596,1,4564,53,14,8,4827,2278,0,5,5,6,10,8,4,1,5,1,5,48,0,35.89793804846284,34.39557224789711
apk_2,sha256_2,1695423359.1022596,1,455,93,29,9,1022,3100,1,9,5,9,28,11,18,1,1,0,42,29,2,98.52215206607578,85.53177210151469
apk_3,sha256_3,1694792156.1032603,1,927,48,17,8,2988,1332,5,11,1,10,8,20,2,4,10,2,34,93,1,16.34024937619284,37.94554417576478
apk_4,sha256_4,1694730387.1032603,1,4662,28,43,6,458,1876,0,10,3,4,2,6,18,5,5,3,41,63,3,88.46831538867025,64.28518702004243
apk_5,sha256_5,1695550918.1032603,1,2269,17,15,12,4598,4415,4,13,4,6,11,7,4,4,7,1,48,6,0,15.284131934826107,15.998200172245024
apk_6,sha256_6,1694987193.1032603,1,3558,76,4,7,3126,4881,7,8,4,0,21,3,17,2,10,5,7,37,3,15.815775434466971,0.324531610172929
apk_7,sha256_7,1694943561.1032603,1,2257,64,48,3,4158,871,10,9,5,8,19,6,4,2,2,8,49,67,0,59.8944584460229,48.860570802894784
apk_8,sha256_8,1695583428.1032603,1,3073,39,15,1,1973,4647,1,2,5,7,26,2,17,1,2,10,30,70,1,26.50566289400591,87.24330410852575
apk_9,sha256_9,1695257037.1032603,1,1835,69,48,12,1647,2553,6,11,3,8,14,3,7,1,1,5,1,75,4,23.0114732596577,22.021738445155947
apk_10,sha256_10,1695626288.1032603,1,582,29,4,15,257,2706,1,7,2,10,15,6,17,1,9,9,30,31,3,80.74969977666434,19.04099143618777
apk_11,sha256_11,1695599090.1032603,1,3631,45,27,7,3825,443,10,3,0,6,23,10,3,1,3,3,34,57,1,42.18816398344042,27.85451446669405
apk_12,sha256_12,1695438788.1032603,1,717,56,35,2,414,4428,0,2,1,2,13,15,15,1,6,0,10,48,0,98.5308843779726,26.520305817215196
apk_13,sha256_13,1694878572.1032603,1,3827,36,27,12,4552,3986,2,6,2,3,30,1,18,5,8,0,47,40,0,5.014233726395356,47.67885171089349
apk_14,sha256_14,1694736682.1032603,1,4450,20,3,9,656,1522,1,2,5,3,12,3,18,1,9,9,2,79,0,41.92249153358725,58.367228929122476
apk_15,sha256_15,1695152552.1032603,1,2691,33,13,11,2573,1955,4,12,1,10,20,9,14,2,1,0,29,79,4,99.60964478550945,7.3260721099633
apk_16,sha256_16,1695477221.1032603,1,4244,33,8,15,2859,563,3,11,2,2,14,17,9,4,10,8,0,85,4,29.93787521999779,66.33887149660774
apk_17,sha256_17,1694716190.1032603,1,1200,33,7,15,876,4532,2,8,2,9,6,10,6,5,10,4,32,62,2,90.53364910793232,84.61037132948555
apk_18,sha256_18,1695603948.1032603,1,3569,35,2,1,2732,1071,10,8,1,7,17,13,17,0,1,1,44,19,4,3.6028138060830606,36.921598451219175
apk_19,sha256_19,1695121365.1032603,1,1313,55,8,1,2525,2987,0,11,1,10,7,3,11,4,6,9,47,19,1,86.4605696219964,97.62060329309628
apk_20,sha256_20,1694850574.1032603,1,1550,52,1,3,2721,3372,10,7,2,2,25,3,12,0,7,3,12,58,2,30.519086733860057,79.53454991528618
apk_21,sha256_21,1695462078.1032603,1,1926,3,42,4,3264,2689,4,2,2,5,20,16,12,5,8,5,1,14,2,17.856781617246366,96.25343157615555
apk_22,sha256_22,1695422368.1032603,1,413,13,38,7,2831,2569,6,3,3,9,6,8,1,5,6,0,33,68,5,71.94299991448455,74.19500778394766
apk_23,sha256_23,1694997525.1032603,1,1714,46,27,2,2704,2571,10,3,5,4,16,9,13,2,6,4,35,16,1,42.04463337729083,94.0363670730183
apk_24,sha256_24,1694990510.1032603,1,1525,78,36,5,3326,4488,0,9,2,3,13,18,19,5,5,7,28,56,5,21.370140098910028,47.31861859093263
apk_25,sha256_25,1694755773.1032603,0,1490,84,5,5,4222,2745,1,7,5,4,7,6,4,0,0,3,30,78,0,45.54161683800891,88.61369090509815
apk_26,sha256_26,1695097095.1032603,0,1692,91,44,7,4049,3273,3,4,5,0,28,3,13,1,2,8,29,6,4,24.919827965997165,84.83363473516597
apk_27,sha256_27,1695222095.1032603,0,1192,59,42,9,4578,4877,5,14,4,8,13,17,14,1,7,7,16,96,1,83.98628878419207,27.731135313074052
apk_28,sha256_28,1694885278.1032603,0,4370,62,40,4,2249,3603,1,9,1,4,10,10,17,0,2,2,14,49,5,15.280526657714798,21.395287710598744
apk_29,sha256_29,1695265709.1032603,0,3439,42,34,8,3406,510,3,13,3,9,30,0,18,3,7,0,22,38,3,85.34479505691046,95.34303384701063
apk_30,sha256_30,1695261354.1032603,0,4509,95,47,9,4941,1806,7,7,2,6,15,0,12,2,10,10,25,92,1,84.05056630625586,91.9541620668976
apk_31,sha256_31,1695048246.1032603,0,4475,3,25,10,4623,222,1,13,1,7,5,1,8,3,5,3,29,41,2,76.12297078940271,37.912621556413626
apk_32,sha256_32,1694912190.1032603,0,3553,32,5,8,158,4418,0,11,1,10,2,20,1,0,3,3,1,79,1,23.854494188890584,47.356106094612805
apk_33,sha256_33,1695580783.1032603,0,4720,27,29,12,2099,3021,2,3,1,4,3,18,0,2,9,10,24,50,5,19.83297770917153,59.20978612498522
apk_34,sha256_34,1694829812.1032603,0,2089,13,44,13,2470,4918,1,1,2,8,13,11,2,4,10,5,0,53,3,10.55388706439986,96.07875672145786
apk_35,sha256_35,1695034270.1032603,0,3866,90,9,7,1442,4274,10,8,4,8,24,15,14,3,9,4,20,31,0,27.892824919247015,45.080200019377045
apk_36,sha256_36,1694913798.1032603,0,3906,72,39,11,3104,2755,0,15,2,2,15,6,11,2,5,4,38,89,2,55.57910279195838,51.66272517149342
apk_37,sha256_37,1695500392.1032603,0,801,30,46,7,4002,4548,3,15,5,7,14,0,2,2,3,6,44,31,2,66.3960021596816,36.902045066103696
apk_38,sha256_38,1695120371.1032603,0,4449,44,27,12,4508,2709,5,14,2,4,8,7,3,5,3,5,7,95,4,95.08775603934347,69.01635541405517
apk_39,sha256_39,1695499884.1032603,0,1872,94,30,5,4829,4297,9,9,0,3,9,7,11,1,4,0,45,68,1,27.43113267832673,97.4294931102738
apk_40,sha256_40,1695120491.1032603,0,2493,89,8,11,4021,840,0,9,3,7,14,10,5,0,4,7,7,8,3,49.1746560291068,57.70211564708181
apk_41,sha256_41,1694980933.1032603,0,539,19,9,13,4610,2489,1,7,0,8,24,13,19,4,9,3,49,66,3,45.05144648887543,44.27210040193283
apk_42,sha256_42,1694798779.1032603,0,4921,54,19,10,493,4994,1,6,5,3,8,2,5,1,2,8,4,20,0,40.851757266002664,68.9371135784769
apk_43,sha256_43,1695207991.1032603,0,2485,4,14,5,2316,3719,1,7,2,10,18,6,13,0,8,3,41,19,2,82.66311596500596,7.140983685581414
apk_44,sha256_44,1695526747.1032603,0,2619,76,47,14,4662,2364,7,3,3,4,22,12,8,4,8,7,28,10,4,3.986078418361305,43.202866416077256
apk_45,sha256_45,1695362751.1032603,0,2151,3,5,4,4712,4809,0,8,4,0,24,5,15,4,10,7,17,23,4,43.58849870770031,81.42449445406034
apk_46,sha256_46,1695605055.1032603,0,3950,44,26,6,2630,856,2,10,3,7,9,12,17,0,7,1,20,32,2,11.592160143095786,77.25479260398077
apk_47,sha256_47,1694793805.1032603,0,4315,0,42,14,4444,3784,6,1,1,8,11,19,15,5,7,0,13,34,4,13.101322895044653,28.802914498832887
apk_48,sha256_48,1694777095.1032603,0,4070,15,1,11,4987,1960,2,9,4,0,17,13,2,1,1,7,7,82,1,49.83755047071953,71.66033259917911
apk_49,sha256_49,1695167139.1032603,0,2339,53,30,8,1996,3741,8,4,3,3,29,19,16,5,2,1,17,98,3,33.98752431142955,78.77174057642942
apk_50,sha256_50,1695420579.1032603,0,121,36,46,5,4808,4750,10,15,1,7,17,15,11,2,8,8,24,58,2,86.96016832340685,98.07746313325943
apk_51,sha256_51,1695450324.1032603,0,4784,49,14,14,3365,357,5,15,5,6,12,20,4,3,0,2,32,75,2,86.97003133622154,87.41903740543083
apk_52,sha256_52,1695239035.1032603,0,916,67,29,1,1180,3358,10,4,0,7,25,8,10,4,6,10,5,42,5,85.93421841682665,38.00093975226551
apk_53,sha256_53,1695368686.1032603,0,4097,69,2,10,560,1923,10,9,1,1,13,3,20,5,1,7,10,88,2,90.3424062050486,4.599096867721276
apk_54,sha256_54,1694865913.1032603,0,559,37,22,6,3528,1192,3,13,4,10,25,5,5,1,1,9,24,79,5,24.082979185631302,91.28290160235548
apk_55,sha256_55,1695550660.1032603,0,2002,59,40,5,3764,2091,10,0,3,4,21,17,5,0,7,5,37,38,5,96.2029072823442,69.0313512460129
apk_56,sha256_56,1695221702.1032603,0,2574,25,24,14,3958,873,3,12,4,5,18,9,9,0,10,6,17,1,4,86.50673976972661,77.83116157700779
apk_57,sha256_57,1695649303.1032603,0,4169,36,49,13,1885,4973,5,7,5,3,19,8,4,5,1,10,41,5,2,78.86104840101538,3.3364531245632434
apk_58,sha256_58,1695318145.1032603,0,1176,11,18,6,3403,1438,3,4,4,5,16,16,8,1,4,7,18,95,2,80.42325386045106,46.833138885269534
apk_59,sha256_59,1695621772.1032603,0,1253,96,14,14,3255,4565,5,2,3,0,8,17,3,3,5,10,47,86,2,58.45600916521661,82.24173012267742
apk_60,sha256_60,1694714762.1032603,0,3143,13,43,4,3862,205,9,10,4,3,20,2,20,3,4,10,26,14,1,4.534681101338212,3.721212822470499
apk_61,sha256_61,1695184175.1032603,0,1051,12,15,15,4403,1111,6,14,2,10,30,17,13,4,2,6,41,12,3,61.565221405115636,93.90530657136553
apk_62,sha256_62,1695407401.1032603,0,368,88,23,4,3632,3642,3,11,0,10,11,17,20,2,0,6,17,24,0,94.90107882621376,82.41910819315714
apk_63,sha256_63,1695604603.1032603,0,1837,82,40,10,174,414,5,7,1,9,6,2,17,1,9,3,14,42,1,78.86437542776095,59.598163517442
apk_64,sha256_64,1695409986.1032603,0,1285,16,34,5,1429,900,10,0,1,0,11,7,18,2,0,2,16,6,1,74.17180569541495,52.60855265978671
apk_65,sha256_65,1694918843.1032603,0,620,60,28,13,2965,4204,9,3,3,8,7,19,1,5,10,8,19,58,5,96.40261831220288,6.082540749450582
apk_66,sha256_66,1695198481.1032603,0,3390,54,43,2,4016,3633,1,2,2,9,4,2,4,2,9,10,37,70,5,32.51854433186679,99.46277558609236
apk_67,sha256_67,1695144400.1032603,0,2515,58,32,10,3524,812,1,6,3,7,28,7,13,2,7,6,26,93,0,31.2548349997133,31.25235711418678
apk_68,sha256_68,1695433458.1032603,0,3166,19,43,15,3885,549,1,2,0,6,3,11,4,4,0,9,35,71,2,67.00132647322958,41.08086329221582
apk_69,sha256_69,1694784686.1032603,0,3564,92,3,5,4918,2559,5,3,4,8,6,4,15,1,1,5,35,47,0,76.26056319368497,57.410000433146266
apk_70,sha256_70,1694854297.1032603,0,3615,71,49,14,4560,215,9,8,0,2,8,9,10,2,0,2,9,72,5,40.078434399951554,14.187465415126866
apk_71,sha256_71,1695036801.1032603,0,351,11,47,9,1762,3081,6,14,2,2,11,9,10,4,9,1,3,19,1,75.44358791249854,4.976249243295716
apk_72,sha256_72,1695615185.1032603,0,2329,56,42,7,3978,4973,7,13,2,3,24,16,3,2,6,1,18,86,5,59.313425039226374,52.69341071481448
apk_73,sha256_73,1695377328.1043055,0,472,28,25,10,448,62,3,9,1,2,24,8,9,2,1,0,31,95,3,17.56948018758423,38.02074457152362
apk_74,sha256_74,1694962877.1043055,0,1985,64,35,14,2901,590,6,1,3,0,14,2,10,4,6,9,25,90,5,41.76939598434806,11.517337266379823
apk_75,sha256_75,1695678860.1043055,0,2760,21,39,8,2964,721,6,3,1,6,18,12,16,0,6,4,47,43,1,33.3068622493132,16.81327080456866
apk_76,sha256_76,1695165449.1043055,0,1034,67,32,4,2862,2876,10,4,1,1,4,8,6,1,9,2,48,97,5,7.5353273579076845,95.1292140579582
apk_77,sha256_77,1695042277.1043055,0,4147,59,48,10,4747,3677,10,10,5,5,4,14,2,3,7,10,19,35,4,5.617212021307805,50.733688528977815
apk_78,sha256_78,1695375243.1043055,0,3882,57,2,1,3020,2351,1,2,4,9,16,12,14,4,8,0,28,73,5,18.823946506922507,60.500583407006424
apk_79,sha256_79,1695175008.1043055,0,1335,7,28,2,2813,690,8,5,0,3,22,14,14,4,8,9,10,46,2,91.79367891169605,38.741655952311596
apk_80,sha256_80,1694888644.1043055,0,2871,86,38,1,2741,539,5,3,4,10,12,9,8,5,10,9,9,42,0,58.27395145864196,14.142838058431783
apk_81,sha256_81,1695333916.1043055,0,2641,83,44,11,3210,1056,9,2,2,8,12,20,10,1,10,10,33,11,5,67.04560400799392,50.848848642280764
apk_82,sha256_82,1695681613.1043055,0,3070,39,11,4,2799,3983,3,7,1,2,2,9,3,4,8,8,2,84,2,87.63927725427419,61.8031465493508
apk_83,sha256_83,1695074471.1043055,0,3186,19,10,3,1356,3585,0,13,2,10,23,7,14,4,4,7,14,68,1,30.946789656278963,80.86238710907864
apk_84,sha256_84,1695208931.1043055,0,1689,47,43,10,3609,3782,4,12,4,8,13,5,6,4,2,4,3,82,3,87.4116945052237,55.454074542443124
apk_85,sha256_85,1695593156.1043055,0,4326,15,18,2,1313,2234,7,4,3,1,30,7,14,2,0,6,3,50,4,37.396148767902005,38.6166118044595
apk_86,sha256_86,1695615160.1043055,0,3171,28,1,6,811,2746,2,4,0,4,29,15,4,5,7,7,39,0,0,1.9003884910970381,21.56547444683544
apk_87,sha256_87,1695543947.1043055,0,4595,93,38,9,3467,910,4,7,2,1,1,7,13,5,9,7,4,14,3,59.67390428189469,1.6435352205894427
apk_88,sha256_88,1695160319.1043055,0,4810,30,45,3,2386,3516,0,11,1,9,13,5,2,4,5,1,33,69,4,78.64123358453176,50.76225888293382
apk_89,sha256_89,1695679407.1043055,0,3298,60,2,11,3169,3058,4,0,2,1,11,7,20,0,9,5,8,5,2,54.601374520769156,81.35088655560881
apk_90,sha256_90,1695517135.1043055,0,3906,89,30,11,1493,1104,1,14,0,4,6,1,6,0,5,4,32,50,4,47.33997676768434,3.6620771536908348
apk_91,sha256_91,1695022405.1043055,0,1665,36,22,14,391,2719,4,3,2,6,28,12,14,3,5,2,31,88,3,36.7346926959682,79.72908803766656
apk_92,sha256_92,1695421053.1043055,0,776,93,27,2,3527,4935,2,9,2,1,2,10,9,2,7,9,45,54,1,68.97648084454863,35.15469837719921
apk_93,sha256_93,1695656317.1043055,0,2988,78,27,5,469,614,10,12,2,8,25,5,0,1,9,10,50,56,0,12.623002430225426,23.599538042035228
apk_94,sha256_94,1695024227.1043055,0,3100,46,24,10,265,4956,2,14,2,5,14,2,18,1,8,5,25,40,5,27.868976629981134,96.05200522649929
apk_95,sha256_95,1695673557.1043055,0,1624,63,33,7,4601,964,4,8,5,7,6,19,9,5,7,3,7,17,0,45.204268524539735,89.86790307862303
apk_96,sha256_96,1695233997.1043055,0,819,87,20,11,2846,531,8,9,2,2,22,20,5,2,8,3,7,25,1,23.67361842868705,49.40219374469223
apk_97,sha256_97,1695322302.1043055,0,4638,73,23,8,4519,1063,9,2,0,4,12,15,16,3,6,9,4,16,2,64.23385893863814,44.99744956629961
apk_98,sha256_98,1694987584.1043055,0,4338,44,8,15,4516,4815,2,4,3,8,29,1,3,4,2,4,10,20,2,93.47378366390774,22.54702847154667
apk_99,sha256_99,1694707221.1043055,0,4350,36,5,5,1608,4512,4,4,5,4,19,17,2,4,10,2,37,74,1,17.120062305579232,62.44791874336657
apk_100,sha256_100,1694754913.1043055,0,2865,72,2,14,232,665,0,8,5,3,24,18,13,4,10,0,31,80,4,28.967165680160576,95.6650169954405
apk_101,sha256_101,1695194325.1043055,0,2106,87,25,5,3715,597,0,5,3,6,15,14,6,2,9,2,20,91,2,73.41997548045468,86.07773657543252
apk_102,sha256_102,1695282645.1043055,0,1171,97,23,9,4601,869,5,7,3,1,8,14,7,1,1,0,18,49,4,41.813474333487655,96.26858522393368
apk_103,sha256_103,1694754588.1043055,0,1408,41,36,12,2561,1555,2,15,4,7,15,9,15,0,1,6,32,58,1,21.51444225262411,35.289508885635534
apk_104,sha256_104,1695647734.1043055,0,2404,63,38,15,3855,2340,8,0,0,6,4,8,11,3,5,0,25,6,4,56.18168651659437,36.25237759442845
apk_105,sha256_105,1695398109.1043055,0,702,49,32,8,4504,2291,9,3,1,1,12,11,10,4,5,2,12,77,4,40.13870842760645,4.0254906157429104
apk_106,sha256_106,1695659925.1043055,0,1222,91,21,13,3880,4254,7,4,4,8,4,10,19,2,2,6,39,94,2,59.37246556309867,50.731498620129656
apk_107,sha256_107,1695166256.1043055,0,4460,62,45,10,2455,3890,0,11,2,10,3,13,18,2,10,0,38,60,2,96.7070696172051,78.29039914314214
apk_108,sha256_108,1694886865.1043055,0,4838,73,14,12,420,4780,7,5,4,10,23,19,12,1,10,3,2,73,5,10.989552133369685,1.8937367506612568
apk_109,sha256_109,1695371799.1043055,0,3530,19,26,12,1670,3361,8,15,5,0,22,4,16,1,8,5,42,61,4,37.68247761856958,95.6685492196548
apk_110,sha256_110,1695218737.1043055,0,4467,43,34,6,2165,4997,7,6,1,4,17,9,7,2,4,3,44,90,3,31.704074501844804,34.88031742013066
apk_111,sha256_111,1694721674.1043055,0,2340,36,7,10,4449,3110,6,11,1,4,1,9,2,2,7,10,16,95,3,21.398680807700753,82.79517035080337
apk_112,sha256_112,1695416426.1043055,0,4704,89,17,3,894,4807,3,7,0,10,28,16,7,5,3,0,6,52,2,71.73580562502437,10.05449047773479
apk_113,sha256_113,1694892523.1043055,0,1226,0,35,15,1293,3333,10,15,3,10,6,9,10,2,10,0,49,11,5,57.41333531753733,53.515227689360465
apk_114,sha256_114,1694942486.1043055,0,405,22,26,15,1440,297,6,15,1,4,28,1,0,2,9,9,6,42,2,45.4349078156795,64.13124095149374
apk_115,sha256_115,1695150942.1043055,0,4146,17,32,8,2235,1579,1,10,1,7,20,8,5,0,5,4,36,86,1,17.549491383846473,85.61465042734578
apk_116,sha256_116,1694760112.1043055,0,3421,54,32,6,710,3283,10,3,1,2,15,10,7,0,4,6,15,57,2,95.40348226549126,30.19458396916147
apk_117,sha256_117,1694942732.1043055,0,4793,1,16,11,2945,1935,0,3,3,4,5,12,16,5,4,1,40,37,2,61.4625448143849,21.91286009353439
apk_118,sha256_118,1695560672.1043055,0,4017,19,29,12,4962,3060,6,15,4,10,26,6,7,5,9,1,33,57,4,70.37661251558725,7.8102722147440184
apk_119,sha256_119,1695109156.1043055,0,1019,7,35,15,4140,1656,9,4,1,5,27,16,14,0,10,3,45,74,3,9.094164445168785,51.03753540328345
apk_120,sha256_120,1694852754.1043055,0,555,58,8,9,3403,3742,9,1,4,7,21,9,0,3,4,0,47,27,4,7.302952591545731,42.36973847786252
apk_121,sha256_121,1694966323.1043055,0,622,69,3,15,565,3867,0,9,3,2,24,4,20,5,10,6,23,48,3,86.96202853107084,90.67673115245725
apk_122,sha256_122,1695306837.1043055,0,757,87,42,14,4417,1089,10,11,0,2,17,12,16,1,3,0,48,2,2,46.300390119477996,71.90939750108521
apk_123,sha256_123,1695255999.1043055,0,4457,48,14,4,3773,2835,2,8,1,1,1,13,19,0,3,3,4,12,4,3.3576275754280793,59.77848967315526
apk_124,sha256_124,1694963280.1043055,0,498,31,47,1,3295,3595,3,6,0,2,16,9,7,5,9,5,36,76,5,81.83824890901529,23.690403477672064
apk_125,sha256_125,1694781906.1043055,0,1273,84,33,4,3387,2461,4,1,4,9,28,5,20,5,6,8,31,6,2,94.15864098319118,67.13425247457224
apk_126,sha256_126,1694876754.1043055,0,4396,40,44,7,3344,1222,4,12,1,8,15,7,7,2,2,7,3,71,3,96.77861885466267,55.72867581992731
apk_127,sha256_127,1695560123.1043055,0,3281,31,16,4,2705,647,7,11,0,8,23,6,1,2,6,10,38,77,0,87.36204584895397,18.81632939327553
apk_128,sha256_128,1694902033.1043055,0,4913,92,42,9,1777,3927,3,10,2,0,6,6,3,5,7,3,44,77,5,20.45131429778937,91.51264595935564
apk_129,sha256_129,1695121832.1043055,0,2734,99,18,7,3819,4371,10,11,2,4,11,16,15,3,1,7,48,40,1,37.07049214312585,41.39301705786246
apk_130,sha256_130,1695110880.1043055,0,1912,94,9,1,2136,4532,9,13,2,2,6,10,7,3,9,3,31,70,5,94.34645450476305,33.75642840365079
apk_131,sha256_131,1694900288.1043055,0,4102,92,41,12,4018,3775,2,11,1,2,23,17,15,1,8,10,3,67,0,83.90684935949547,7.433041144302566
apk_132,sha256_132,1694842999.1043055,0,497,97,0,7,1126,1895,1,4,0,3,16,14,11,0,9,10,42,78,3,65.92843419898628,1.5731766869219732
apk_133,sha256_133,1695142664.1043055,0,4619,52,0,1,4336,2250,8,9,0,8,26,13,5,0,1,8,9,30,1,61.97808424119352,25.241819631468044
apk_134,sha256_134,1695329071.1043055,0,2289,50,5,6,3326,3760,9,7,5,3,9,2,20,5,0,1,25,48,3,55.27014395296953,5.61149391289657
apk_135,sha256_135,1695690820.1043055,0,1503,10,31,14,3554,2713,9,3,4,0,7,6,18,3,4,0,4,87,2,89.93116508650087,56.350986404798356
apk_136,sha256_136,1695666229.1043055,0,1569,40,1,4,4808,1181,6,2,2,2,18,7,18,3,10,8,21,49,5,13.995059423519729,98.8477957914103
apk_137,sha256_137,1694941389.1043055,0,742,64,47,6,439,800,6,7,0,5,19,19,19,3,5,0,40,34,3,49.06034561107933,35.58111977058479
apk_138,sha256_138,1694713870.1043055,0,3175,55,11,11,4799,3113,1,9,1,1,2,8,4,3,10,2,47,49,2,36.07002281140604,9.15204286962391
apk_139,sha256_139,1694711964.1043055,0,2625,56,23,13,2209,837,2,2,1,6,14,17,17,4,6,1,1,11,2,55.4219805397572,59.69245552870913
apk_140,sha256_140,1694878186.1043055,0,2757,49,0,5,3389,3176,1,7,4,8,5,12,5,1,4,4,17,63,1,6.32671502769544,43.46762692627449
apk_141,sha256_141,1695259172.1043055,0,2555,61,50,2,2958,2061,3,15,4,9,6,14,3,1,4,0,25,42,4,37.98899561470483,86.21983105655143
apk_142,sha256_142,1695239122.1043055,0,2842,55,41,10,1115,2461,5,6,3,5,5,12,10,2,10,7,36,100,1,32.588623744290544,28.03001464642175
apk_143,sha256_143,1694876689.1043055,0,3318,46,7,15,4619,1636,9,5,5,8,0,14,6,3,4,1,50,52,5,49.93032152889603,63.33360396536636
apk_144,sha256_144,1695446952.1043055,0,2169,84,9,12,3466,3088,1,14,4,7,18,12,17,4,6,8,2,46,5,89.5501515360899,53.690598602458785
apk_145,sha256_145,1695031549.1053035,0,796,13,49,4,2908,1362,10,1,4,10,21,20,12,2,6,1,0,12,2,22.200107954946336,74.68530276328158
apk_146,sha256_146,1695115631.1053035,0,4855,88,36,4,3651,3064,6,14,5,9,22,16,4,2,0,7,6,37,3,92.05475446710577,8.585479942015805
apk_147,sha256_147,1694829030.1053035,0,1260,44,19,6,3730,1694,8,15,2,7,3,14,14,2,1,4,2,90,0,2.258511520311235,34.307794755674834
apk_148,sha256_148,1695586054.1053035,0,1446,94,15,9,1429,4521,2,10,4,6,30,14,7,3,10,2,11,81,5,43.21344524292825,2.919227434239058
apk_149,sha256_149,1695056792.1053035,0,1716,57,37,7,3185,36,3,6,2,1,18,3,17,1,5,5,12,58,0,26.23533954523609,86.26365474573073
apk_150,sha256_150,1695147380.1053035,0,2667,76,24,10,3215,4808,1,11,2,7,19,5,9,4,9,1,43,17,2,11.786165266165671,30.53800025354989
apk_151,sha256_151,1695508793.1053035,0,3158,88,9,9,3182,3426,9,4,4,6,13,5,15,5,8,10,11,71,1,48.964202619220885,14.029653509779704
apk_152,sha256_152,1695370868.1053035,0,3794,79,3,14,2941,78,7,4,1,6,30,17,16,5,7,6,43,62,3,71.01423728457972,44.38517428092622
apk_153,sha256_153,1695525352.1053035,0,777,72,1,13,1806,2392,0,8,1,8,9,5,14,4,7,8,32,14,4,11.42066513589688,77.51130278639955
apk_154,sha256_154,1694837455.1053035,0,3105,69,48,1,3615,4475,3,13,0,10,24,7,9,0,7,4,22,11,3,86.52904703762955,11.738602649891106
apk_155,sha256_155,1694849402.1053035,0,2041,26,47,10,2872,4999,10,13,1,9,4,6,6,0,9,5,34,35,4,53.8768546047638,32.365361585468165
apk_156,sha256_156,1694962476.1053035,0,2497,37,36,5,4214,780,2,13,0,4,27,20,4,5,2,3,9,91,2,82.84818026986326,76.14735874798569
apk_157,sha256_157,1694991646.1053035,0,3317,62,9,10,2201,3393,6,14,0,10,25,2,12,4,4,5,29,62,2,58.195554466898045,86.89077628712005
apk_158,sha256_158,1694812410.1053035,0,863,93,29,11,2934,518,8,12,1,6,26,6,15,2,5,4,21,70,4,13.059425030754579,85.24225762884163
apk_159,sha256_159,1694874133.1053035,0,2915,87,48,1,376,815,10,14,0,1,29,5,14,3,0,6,12,88,1,88.2147764041999,30.186550437642225
apk_160,sha256_160,1694783830.1053035,0,2344,11,41,6,2051,675,5,5,0,6,20,9,7,3,10,1,45,12,0,21.342117694621308,7.793872157260617
apk_161,sha256_161,1695078211.1053035,0,1952,66,43,8,76,66,5,3,3,2,15,2,7,3,1,1,6,40,2,88.09889949802707,13.712929474354564
apk_162,sha256_162,1694889697.1053035,0,1190,82,43,3,560,4345,9,0,4,10,5,14,11,5,3,10,47,19,3,61.60760126007062,44.238386943908424
apk_163,sha256_163,1695472932.1053035,0,810,12,8,13,1008,4829,6,11,3,5,25,4,7,2,10,1,15,70,4,60.00078672258529,60.75930989155233
apk_164,sha256_164,1694883921.1053035,0,319,84,19,4,4241,4971,8,6,5,6,9,20,1,1,7,6,7,30,3,63.80823298836482,7.101200169538324
apk_165,sha256_165,1694768834.1053035,0,198,46,20,3,3168,4656,6,11,4,10,5,15,2,0,9,1,0,33,1,3.982686193718976,6.046885958820569
apk_166,sha256_166,1694873099.1053035,0,3360,64,18,11,4104,3403,6,12,0,10,17,17,19,1,4,1,19,10,4,92.09248587727359,97.43133843545621
apk_167,sha256_167,1695537805.1053035,0,4494,41,25,10,541,2540,6,7,0,3,2,13,3,3,9,9,3,39,5,74.16935090575542,74.06581802341782
apk_168,sha256_168,1695575484.1053035,0,203,90,8,12,92,1342,7,11,4,8,25,8,5,2,2,4,46,15,0,33.50110263161945,42.93245693443759
apk_169,sha256_169,1695151429.1053035,0,623,33,45,10,631,4064,7,11,0,7,27,18,5,2,2,4,49,13,4,67.4120431563097,11.533360353413535
apk_170,sha256_170,1694923965.1053035,0,4268,0,2,14,100,2003,0,15,2,6,29,4,5,0,8,10,26,28,2,24.826318335724316,91.5854764880895
apk_171,sha256_171,1695365253.1053035,0,2322,9,36,6,978,4112,10,1,1,3,25,16,1,3,1,7,18,99,2,32.73009217261189,55.30913953240676
apk_172,sha256_172,1695692373.1053035,0,3122,25,18,10,2489,1987,7,11,4,7,24,6,17,1,2,0,26,3,1,54.15451999487257,63.59418395129889
apk_173,sha256_173,1694973583.1053035,0,178,42,0,13,3082,2519,1,6,4,3,13,15,1,1,4,1,2,29,4,41.30568035010017,89.55779401398597
apk_174,sha256_174,1695220001.1053035,0,795,74,6,9,1093,3230,1,1,3,10,30,4,7,2,4,5,25,89,5,32.625156877977936,45.275785231557386
apk_175,sha256_175,1695455770.1053035,0,711,25,8,13,4789,892,2,3,1,7,14,10,13,0,8,5,49,26,3,30.83077182125046,26.50079269147082
apk_176,sha256_176,1695574991.1053035,0,840,20,43,5,4942,330,3,10,1,1,22,7,11,3,8,0,43,38,2,82.00896158119784,17.386773251803277
apk_177,sha256_177,1694702384.1053035,0,3412,57,35,12,4506,2046,1,14,0,2,3,0,1,1,2,3,25,47,5,63.02975486038245,64.46850157085018
apk_178,sha256_178,1695090119.1053035,0,4901,33,4,1,528,1619,10,14,1,1,28,10,3,0,7,0,10,73,3,82.16854015322838,39.49986882219194
apk_179,sha256_179,1695669815.1053035,0,3235,87,27,3,2899,1758,2,8,2,7,28,4,1,4,9,9,15,82,2,49.8891609996499,88.27785741589118
apk_180,sha256_180,1695198429.1053035,0,599,11,17,7,1124,3434,3,7,5,8,25,0,12,5,5,7,34,100,3,34.403411978987606,56.565111504788135
apk_181,sha256_181,1695363503.1053035,0,3281,34,11,1,2612,4891,3,0,2,0,25,15,16,2,9,3,10,12,1,65.68644213762343,26.652700106568304
apk_182,sha256_182,1694844792.1053035,0,558,97,14,10,3181,2906,2,5,1,9,10,11,18,0,5,9,36,18,4,94.83685060458903,83.6696840733336
apk_183,sha256_183,1694850962.1053035,0,4132,69,19,3,4017,310,1,1,1,9,7,0,16,3,0,5,39,25,1,34.07590442667725,17.745987265393715
apk_184,sha256_184,1694859326.1053035,0,2750,7,1,3,4805,1160,1,11,0,5,22,12,18,0,5,4,20,17,1,73.23520254246408,43.68683829295823
apk_185,sha256_185,1695030411.1053035,0,4091,83,20,3,4603,2923,3,5,3,4,23,9,4,1,0,9,25,98,4,3.2382742927087427,60.23886674509712
apk_186,sha256_186,1694734951.1053035,0,1909,81,36,2,4064,1152,5,2,1,5,10,5,20,0,10,10,46,42,3,1.139562029549801,20.968428440049923
apk_187,sha256_187,1694973882.1053035,0,655,44,16,13,885,10,0,12,3,6,5,13,15,3,5,8,24,12,3,78.87299944762194,57.80554909331318
apk_188,sha256_188,1694905654.1053035,0,1947,20,28,2,273,2415,0,10,2,1,2,10,5,3,2,1,35,11,2,59.40305440520949,61.36447257788939
apk_189,sha256_189,1695194543.1053035,0,353,55,41,3,4975,3556,2,1,0,5,6,6,13,5,8,8,16,84,2,29.740064768156614,9.591592140224158
apk_190,sha256_190,1695288742.1053035,0,4783,70,31,3,446,2955,0,13,0,4,26,20,19,3,3,1,1,26,1,63.81906590745706,97.70576959992654
apk_191,sha256_191,1695204155.1053035,0,1046,39,50,7,3857,4006,10,8,0,10,17,12,5,2,6,5,11,57,0,26.329596668288424,46.505795615465054
apk_192,sha256_192,1695463497.1053035,0,2300,72,3,3,792,702,10,11,4,6,24,18,7,4,0,6,33,53,4,68.70679323888868,93.63614356132179
apk_193,sha256_193,1695100195.1053035,0,2030,60,19,2,3234,284,8,4,0,7,5,5,6,1,2,0,27,10,5,43.53932455325072,99.72692267787757
apk_194,sha256_194,1695043035.1053035,0,1311,76,16,6,548,712,6,12,4,5,27,8,16,3,0,9,37,66,3,11.251884262593382,14.964231959134144
apk_195,sha256_195,1695106613.1053035,0,4916,74,48,2,865,4609,1,9,4,5,28,13,8,3,10,7,36,77,3,3.7465670497713432,27.541414203475377
apk_196,sha256_196,1695549889.1053035,0,3390,4,25,15,2715,1946,0,15,2,5,0,10,9,2,4,7,44,87,0,97.24966426856817,22.795741360176734
apk_197,sha256_197,1695385653.1053035,0,3729,99,20,5,3414,4955,10,2,1,7,6,13,15,4,5,0,32,20,0,31.112309328890888,50.679527523655544
apk_198,sha256_198,1695558490.1053035,0,4394,72,1,3,1579,1644,0,7,0,7,1,11,6,2,5,7,32,50,5,92.30735683729712,68.11743604433774
apk_199,sha256_199,1695447039.1053035,0,3151,62,38,8,1454,3887,9,11,2,2,26,8,2,2,0,6,3,20,4,77.98301351436794,21.43185873114406
apk_200,sha256_200,1695468626.1053035,0,1944,86,13,5,3354,4204,0,0,3,2,20,5,19,0,3,4,38,39,5,96.70244433683767,64.2740311290164
apk_201,sha256_201,1695256336.1053035,0,3184,44,29,5,1787,3823,4,12,4,1,0,16,11,4,10,9,38,36,2,68.44131358571688,48.17384188163061
apk_202,sha256_202,1695348111.1053035,0,2364,81,20,14,2268,2139,10,9,1,2,16,7,1,4,6,10,20,87,1,72.12831975926106,65.54005704624416
apk_203,sha256_203,1695390766.1053035,0,2225,53,25,7,289,4776,9,6,2,3,21,17,20,3,10,5,32,38,1,84.06386945963999,87.64947843421105
apk_204,sha256_204,1695510795.1053035,0,2506,12,30,3,2118,4579,2,10,5,1,7,11,7,5,4,6,50,42,2,26.055923540570358,29.405112165034275
apk_205,sha256_205,1694808167.1053035,0,1064,60,3,14,4780,4753,9,2,3,3,16,3,12,4,4,6,3,19,1,99.23478528879328,34.266988492900005
apk_206,sha256_206,1695103667.1053035,0,3848,18,20,14,1477,662,7,10,5,2,10,20,1,0,7,4,13,97,1,57.62789157367031,15.843511737567994
apk_207,sha256_207,1694877376.1053035,0,821,16,39,7,3517,3304,6,15,3,0,1,17,6,5,5,0,20,96,4,19.057670994040453,67.674814167711
apk_208,sha256_208,1695043601.1053035,0,2138,28,44,15,2820,2556,2,3,3,8,18,9,5,0,0,4,18,58,5,52.02884122458838,52.41176436680194
apk_209,sha256_209,1695245999.1053035,0,1196,43,31,6,1543,1350,6,0,1,3,23,4,6,5,0,9,32,21,0,36.65914513998485,65.05403801212248
apk_210,sha256_210,1695661551.1053035,0,3173,81,16,13,4380,398,9,1,5,1,20,0,1,5,1,6,28,48,0,54.728238472892556,47.43963383277372
apk_211,sha256_211,1695540164.1053035,0,1783,88,43,11,76,2466,6,3,5,8,8,19,19,5,2,6,6,65,5,61.76979550550473,28.270676817009253
apk_212,sha256_212,1694877849.1053035,0,970,63,12,10,1636,2154,8,6,2,6,9,5,1,4,7,3,44,61,2,23.45052659715563,1.2749401268609795
apk_213,sha256_213,1695607403.1053035,0,1004,73,42,8,1221,737,8,2,5,1,28,8,20,1,7,4,16,59,0,9.980891505761747,17.47018089453909
apk_214,sha256_214,1695659369.1053035,0,2480,46,43,6,3489,949,1,1,0,2,21,20,5,2,5,7,39,34,5,9.29513154374223,81.49642895364964
apk_215,sha256_215,1695508977.1053035,0,1032,51,25,8,2226,3159,7,13,5,2,3,4,1,1,1,6,37,61,4,67.83931362492055,18.12605605373021
apk_216,sha256_216,1695302532.106305,0,3037,78,1,14,1070,3957,7,3,3,7,1,2,8,5,5,0,45,86,4,76.75287182899103,57.66490081233795
apk_217,sha256_217,1695108271.106305,0,1934,85,21,9,4285,780,6,7,3,5,21,20,12,1,8,9,3,1,5,93.4371420420165,50.55675718847332
apk_218,sha256_218,1695208644.106305,0,4161,21,4,13,4027,2626,3,10,2,0,16,7,17,5,6,6,15,10,3,44.4188876459459,57.30349305875494
apk_219,sha256_219,1695608434.106305,0,4183,57,20,2,4074,145,1,12,3,0,17,17,0,0,9,9,40,38,4,56.23325720939878,65.45959835609374
apk_220,sha256_220,1695222361.106305,0,2892,46,3,14,1826,3722,5,15,5,10,11,14,3,0,10,3,0,43,2,82.98838856344013,96.443368345434
apk_221,sha256_221,1695394563.106305,0,4586,66,23,12,870,375,2,15,1,6,3,8,19,1,3,1,25,27,3,82.45541437076062,19.05787640570693
apk_222,sha256_222,1695346380.106305,0,982,96,26,1,4823,1009,7,14,5,9,30,16,4,3,0,8,47,6,4,93.53082808316526,83.88161106789165
apk_223,sha256_223,1695194339.106305,0,4264,99,11,12,4739,1422,2,3,3,10,19,19,10,4,6,6,38,88,1,27.359587995611122,96.35935376797526
apk_224,sha256_224,1695392266.106305,0,3809,17,8,7,4935,4196,4,10,5,8,20,6,6,1,9,4,43,44,5,13.26717285911403,71.03964436805722
apk_225,sha256_225,1695514279.106305,0,4227,69,44,11,2640,945,5,15,4,9,30,13,17,2,6,0,33,13,0,38.08703135350846,5.3064999507771216
apk_226,sha256_226,1695641375.106305,0,1737,34,48,13,1318,2347,10,8,1,0,22,9,6,4,0,5,28,13,4,86.80353736544103,73.949248017285
apk_227,sha256_227,1694793877.106305,0,1937,95,41,9,3185,1946,8,9,5,10,1,12,12,3,10,5,35,6,0,74.3669966245749,20.30872227293379
apk_228,sha256_228,1694789674.106305,0,3729,28,40,12,3012,4820,8,6,5,3,9,14,5,5,1,2,11,94,4,11.935381127296552,4.063423297187541
apk_229,sha256_229,1695408059.106305,0,4659,33,8,3,4784,2089,0,10,3,2,1,4,10,4,0,10,39,84,2,49.05509411536766,57.267699055493004
apk_230,sha256_230,1695325250.106305,0,697,100,45,6,4304,1801,2,2,4,2,13,17,17,3,1,5,14,27,5,33.18835149039815,36.07978246627327
apk_231,sha256_231,1695471673.106305,0,4445,60,35,14,72,939,10,11,3,3,28,20,19,4,3,0,43,41,3,91.59324302986754,94.49876704318376
apk_232,sha256_232,1695296109.106305,0,2201,69,46,5,202,4234,5,14,3,0,9,20,6,2,8,1,6,21,4,53.320582216479316,62.69330759754167
apk_233,sha256_233,1695479709.106305,0,1846,87,27,14,851,1684,8,13,5,1,23,4,0,3,5,0,5,9,0,17.79921635554342,25.19080009913758
apk_234,sha256_234,1695626866.106305,0,4810,29,16,7,3178,3695,10,12,3,5,0,12,3,4,0,10,46,79,0,75.59605966951774,58.56080133133892
apk_235,sha256_235,1694965801.106305,0,694,45,32,2,2374,2468,9,2,2,7,12,12,0,3,2,8,14,17,5,39.09925654289903,79.74846128334659
apk_236,sha256_236,1695128496.106305,0,2516,81,9,5,3056,91,8,4,0,0,0,18,19,3,8,8,5,39,1,74.82965867327934,90.35463759745458
apk_237,sha256_237,1695340175.106305,0,1834,52,41,14,4198,1166,2,5,1,9,26,8,6,0,2,10,36,6,4,46.12652036895939,54.966460967916674
apk_238,sha256_238,1695395958.106305,0,651,32,6,4,4756,3991,5,11,1,10,20,7,3,2,9,1,12,40,3,45.0645978214935,61.63424302594531
apk_239,sha256_239,1695380206.106305,0,4885,19,36,10,2985,2591,6,5,0,5,7,7,20,3,4,5,8,86,5,33.15629502973394,47.99539704833058
apk_240,sha256_240,1695233738.106305,0,3038,99,19,8,4519,891,2,2,2,2,28,17,6,2,10,1,46,9,0,84.95872729061418,63.1626494461255
apk_241,sha256_241,1694848612.106305,0,4866,74,25,13,4833,1742,0,8,4,8,15,20,4,2,6,3,49,75,5,85.71641541346845,13.388125944659956
apk_242,sha256_242,1695175264.106305,0,4281,11,25,6,4113,86,10,7,4,10,5,16,4,3,2,2,36,72,5,87.21951541880932,14.619905304849002
apk_243,sha256_243,1694933167.106305,0,4060,45,2,4,3994,1898,1,8,2,3,1,6,16,2,6,7,29,5,0,98.05897820631023,32.40711100639776
apk_244,sha256_244,1694962809.106305,0,4371,81,17,14,2157,4740,8,5,3,10,12,11,18,5,1,8,16,48,1,51.63717821675703,35.289800775972566
apk_245,sha256_245,1694790860.106305,0,2926,62,50,8,4949,54,8,4,3,2,7,2,16,5,4,3,9,23,1,36.222294421509105,71.73027084540954
apk_246,sha256_246,1695576651.106305,0,1986,53,21,12,928,3944,10,15,3,3,18,5,20,3,0,3,2,16,4,59.23476603711332,13.472404800013017
apk_247,sha256_247,1695163185.106305,0,421,73,9,1,1362,2115,2,12,4,9,20,0,9,0,3,7,38,60,3,17.056678398969627,83.03635747042807
apk_248,sha256_248,1695070704.106305,0,1269,74,49,3,4184,2166,2,10,3,9,18,2,7,3,6,2,6,2,1,52.27113430171585,90.93392230895125
apk_249,sha256_249,1694983118.106305,0,3538,19,38,2,1453,3898,9,1,4,8,24,3,2,3,10,2,38,69,0,89.69689528475317,77.48704230678032
